module_index_in_reliable_dataset,module_index_in_ALL_dataset,motif_name,url
0,0,HL_01187.1,http://rna.bgsu.edu/rna3dhub/motif/view/HL_01187.1
1,1,HL_01187.1,http://rna.bgsu.edu/rna3dhub/motif/view/HL_01187.1
2,2,HL_01187.1,http://rna.bgsu.edu/rna3dhub/motif/view/HL_01187.1
3,3,HL_01187.1,http://rna.bgsu.edu/rna3dhub/motif/view/HL_01187.1
4,4,HL_02733.1,http://rna.bgsu.edu/rna3dhub/motif/view/HL_02733.1
5,5,HL_08510.1,http://rna.bgsu.edu/rna3dhub/motif/view/HL_08510.1
6,6,HL_08510.1,http://rna.bgsu.edu/rna3dhub/motif/view/HL_08510.1
7,7,HL_17210.1,http://rna.bgsu.edu/rna3dhub/motif/view/HL_17210.1
8,8,HL_17210.1,http://rna.bgsu.edu/rna3dhub/motif/view/HL_17210.1
9,9,HL_17210.1,http://rna.bgsu.edu/rna3dhub/motif/view/HL_17210.1
10,10,HL_17210.1,http://rna.bgsu.edu/rna3dhub/motif/view/HL_17210.1
11,11,HL_17210.1,http://rna.bgsu.edu/rna3dhub/motif/view/HL_17210.1
12,12,HL_17926.1,http://rna.bgsu.edu/rna3dhub/motif/view/HL_17926.1
13,13,HL_17926.1,http://rna.bgsu.edu/rna3dhub/motif/view/HL_17926.1
14,14,HL_17926.1,http://rna.bgsu.edu/rna3dhub/motif/view/HL_17926.1
15,15,HL_17926.1,http://rna.bgsu.edu/rna3dhub/motif/view/HL_17926.1
16,16,HL_17926.1,http://rna.bgsu.edu/rna3dhub/motif/view/HL_17926.1
17,17,HL_20714.1,http://rna.bgsu.edu/rna3dhub/motif/view/HL_20714.1
18,18,HL_20714.1,http://rna.bgsu.edu/rna3dhub/motif/view/HL_20714.1
19,19,HL_20714.1,http://rna.bgsu.edu/rna3dhub/motif/view/HL_20714.1
20,20,HL_20843.1,http://rna.bgsu.edu/rna3dhub/motif/view/HL_20843.1
21,21,HL_20843.1,http://rna.bgsu.edu/rna3dhub/motif/view/HL_20843.1
22,22,HL_20843.1,http://rna.bgsu.edu/rna3dhub/motif/view/HL_20843.1
23,23,HL_32512.1,http://rna.bgsu.edu/rna3dhub/motif/view/HL_32512.1
24,24,HL_32512.1,http://rna.bgsu.edu/rna3dhub/motif/view/HL_32512.1
25,25,HL_32512.1,http://rna.bgsu.edu/rna3dhub/motif/view/HL_32512.1
26,26,HL_32512.1,http://rna.bgsu.edu/rna3dhub/motif/view/HL_32512.1
27,27,HL_39005.1,http://rna.bgsu.edu/rna3dhub/motif/view/HL_39005.1
28,28,HL_39778.1,http://rna.bgsu.edu/rna3dhub/motif/view/HL_39778.1
29,29,HL_39778.1,http://rna.bgsu.edu/rna3dhub/motif/view/HL_39778.1
30,30,HL_39778.1,http://rna.bgsu.edu/rna3dhub/motif/view/HL_39778.1
31,31,HL_39778.1,http://rna.bgsu.edu/rna3dhub/motif/view/HL_39778.1
32,32,HL_39778.1,http://rna.bgsu.edu/rna3dhub/motif/view/HL_39778.1
33,33,HL_39778.1,http://rna.bgsu.edu/rna3dhub/motif/view/HL_39778.1
34,34,HL_39778.1,http://rna.bgsu.edu/rna3dhub/motif/view/HL_39778.1
35,35,HL_44933.1,http://rna.bgsu.edu/rna3dhub/motif/view/HL_44933.1
36,36,HL_44933.1,http://rna.bgsu.edu/rna3dhub/motif/view/HL_44933.1
37,37,HL_44933.1,http://rna.bgsu.edu/rna3dhub/motif/view/HL_44933.1
38,38,HL_44933.1,http://rna.bgsu.edu/rna3dhub/motif/view/HL_44933.1
39,39,HL_44933.1,http://rna.bgsu.edu/rna3dhub/motif/view/HL_44933.1
40,40,HL_46142.1,http://rna.bgsu.edu/rna3dhub/motif/view/HL_46142.1
41,41,HL_55200.1,http://rna.bgsu.edu/rna3dhub/motif/view/HL_55200.1
42,42,HL_55200.1,http://rna.bgsu.edu/rna3dhub/motif/view/HL_55200.1
43,43,HL_56372.1,http://rna.bgsu.edu/rna3dhub/motif/view/HL_56372.1
44,44,HL_56372.1,http://rna.bgsu.edu/rna3dhub/motif/view/HL_56372.1
45,45,HL_56372.1,http://rna.bgsu.edu/rna3dhub/motif/view/HL_56372.1
46,46,HL_57661.1,http://rna.bgsu.edu/rna3dhub/motif/view/HL_57661.1
47,47,HL_57661.1,http://rna.bgsu.edu/rna3dhub/motif/view/HL_57661.1
48,48,HL_61893.1,http://rna.bgsu.edu/rna3dhub/motif/view/HL_61893.1
49,49,HL_61893.1,http://rna.bgsu.edu/rna3dhub/motif/view/HL_61893.1
50,50,HL_61893.1,http://rna.bgsu.edu/rna3dhub/motif/view/HL_61893.1
51,51,HL_61893.1,http://rna.bgsu.edu/rna3dhub/motif/view/HL_61893.1
52,52,HL_65532.1,http://rna.bgsu.edu/rna3dhub/motif/view/HL_65532.1
53,53,HL_65532.1,http://rna.bgsu.edu/rna3dhub/motif/view/HL_65532.1
54,54,HL_65532.1,http://rna.bgsu.edu/rna3dhub/motif/view/HL_65532.1
55,55,HL_65532.1,http://rna.bgsu.edu/rna3dhub/motif/view/HL_65532.1
56,56,HL_67265.1,http://rna.bgsu.edu/rna3dhub/motif/view/HL_67265.1
57,57,HL_68493.1,http://rna.bgsu.edu/rna3dhub/motif/view/HL_68493.1
58,58,HL_68493.1,http://rna.bgsu.edu/rna3dhub/motif/view/HL_68493.1
59,59,HL_68493.1,http://rna.bgsu.edu/rna3dhub/motif/view/HL_68493.1
60,60,HL_73318.1,http://rna.bgsu.edu/rna3dhub/motif/view/HL_73318.1
61,61,HL_78718.1,http://rna.bgsu.edu/rna3dhub/motif/view/HL_78718.1
62,62,HL_78718.1,http://rna.bgsu.edu/rna3dhub/motif/view/HL_78718.1
63,63,HL_82678.1,http://rna.bgsu.edu/rna3dhub/motif/view/HL_82678.1
64,64,HL_82678.1,http://rna.bgsu.edu/rna3dhub/motif/view/HL_82678.1
65,65,HL_82678.1,http://rna.bgsu.edu/rna3dhub/motif/view/HL_82678.1
66,66,IL_00168.1,http://rna.bgsu.edu/rna3dhub/motif/view/IL_00168.1
67,67,IL_00168.1,http://rna.bgsu.edu/rna3dhub/motif/view/IL_00168.1
68,68,IL_00168.1,http://rna.bgsu.edu/rna3dhub/motif/view/IL_00168.1
69,69,IL_01375.1,http://rna.bgsu.edu/rna3dhub/motif/view/IL_01375.1
70,70,IL_01375.1,http://rna.bgsu.edu/rna3dhub/motif/view/IL_01375.1
71,71,IL_01375.1,http://rna.bgsu.edu/rna3dhub/motif/view/IL_01375.1
72,72,IL_01772.1,http://rna.bgsu.edu/rna3dhub/motif/view/IL_01772.1
73,73,IL_04346.1,http://rna.bgsu.edu/rna3dhub/motif/view/IL_04346.1
74,74,IL_04346.1,http://rna.bgsu.edu/rna3dhub/motif/view/IL_04346.1
75,75,IL_04346.1,http://rna.bgsu.edu/rna3dhub/motif/view/IL_04346.1
76,76,IL_04346.1,http://rna.bgsu.edu/rna3dhub/motif/view/IL_04346.1
77,77,IL_04346.1,http://rna.bgsu.edu/rna3dhub/motif/view/IL_04346.1
78,78,IL_04346.1,http://rna.bgsu.edu/rna3dhub/motif/view/IL_04346.1
79,79,IL_09699.1,http://rna.bgsu.edu/rna3dhub/motif/view/IL_09699.1
80,80,IL_09705.1,http://rna.bgsu.edu/rna3dhub/motif/view/IL_09705.1
81,81,IL_19048.1,http://rna.bgsu.edu/rna3dhub/motif/view/IL_19048.1
82,82,IL_20463.1,http://rna.bgsu.edu/rna3dhub/motif/view/IL_20463.1
83,83,IL_20463.1,http://rna.bgsu.edu/rna3dhub/motif/view/IL_20463.1
84,84,IL_28999.1,http://rna.bgsu.edu/rna3dhub/motif/view/IL_28999.1
85,85,IL_35110.1,http://rna.bgsu.edu/rna3dhub/motif/view/IL_35110.1
86,86,IL_35110.1,http://rna.bgsu.edu/rna3dhub/motif/view/IL_35110.1
87,87,IL_35110.1,http://rna.bgsu.edu/rna3dhub/motif/view/IL_35110.1
88,88,IL_35110.1,http://rna.bgsu.edu/rna3dhub/motif/view/IL_35110.1
89,89,IL_35110.1,http://rna.bgsu.edu/rna3dhub/motif/view/IL_35110.1
90,90,IL_35110.1,http://rna.bgsu.edu/rna3dhub/motif/view/IL_35110.1
91,91,IL_35110.1,http://rna.bgsu.edu/rna3dhub/motif/view/IL_35110.1
92,92,IL_35110.1,http://rna.bgsu.edu/rna3dhub/motif/view/IL_35110.1
93,93,IL_35110.1,http://rna.bgsu.edu/rna3dhub/motif/view/IL_35110.1
94,94,IL_35110.1,http://rna.bgsu.edu/rna3dhub/motif/view/IL_35110.1
95,95,IL_35110.1,http://rna.bgsu.edu/rna3dhub/motif/view/IL_35110.1
96,96,IL_38680.1,http://rna.bgsu.edu/rna3dhub/motif/view/IL_38680.1
97,97,IL_48459.1,http://rna.bgsu.edu/rna3dhub/motif/view/IL_48459.1
98,98,IL_48459.1,http://rna.bgsu.edu/rna3dhub/motif/view/IL_48459.1
99,99,IL_48459.1,http://rna.bgsu.edu/rna3dhub/motif/view/IL_48459.1
100,100,IL_54896.1,http://rna.bgsu.edu/rna3dhub/motif/view/IL_54896.1
101,101,IL_54896.1,http://rna.bgsu.edu/rna3dhub/motif/view/IL_54896.1
102,102,IL_54896.1,http://rna.bgsu.edu/rna3dhub/motif/view/IL_54896.1
103,103,IL_54896.1,http://rna.bgsu.edu/rna3dhub/motif/view/IL_54896.1
104,104,IL_55953.1,http://rna.bgsu.edu/rna3dhub/motif/view/IL_55953.1
105,105,IL_55953.1,http://rna.bgsu.edu/rna3dhub/motif/view/IL_55953.1
106,106,IL_56455.1,http://rna.bgsu.edu/rna3dhub/motif/view/IL_56455.1
107,107,IL_56455.1,http://rna.bgsu.edu/rna3dhub/motif/view/IL_56455.1
108,108,IL_56455.1,http://rna.bgsu.edu/rna3dhub/motif/view/IL_56455.1
109,109,IL_56455.1,http://rna.bgsu.edu/rna3dhub/motif/view/IL_56455.1
110,110,IL_56455.1,http://rna.bgsu.edu/rna3dhub/motif/view/IL_56455.1
111,111,IL_56455.1,http://rna.bgsu.edu/rna3dhub/motif/view/IL_56455.1
112,112,IL_56455.1,http://rna.bgsu.edu/rna3dhub/motif/view/IL_56455.1
113,113,IL_56455.1,http://rna.bgsu.edu/rna3dhub/motif/view/IL_56455.1
114,114,IL_56455.1,http://rna.bgsu.edu/rna3dhub/motif/view/IL_56455.1
115,115,IL_56455.1,http://rna.bgsu.edu/rna3dhub/motif/view/IL_56455.1
116,116,IL_56467.1,http://rna.bgsu.edu/rna3dhub/motif/view/IL_56467.1
117,117,IL_56467.1,http://rna.bgsu.edu/rna3dhub/motif/view/IL_56467.1
118,118,IL_58103.1,http://rna.bgsu.edu/rna3dhub/motif/view/IL_58103.1
119,119,IL_58103.1,http://rna.bgsu.edu/rna3dhub/motif/view/IL_58103.1
120,120,IL_58103.1,http://rna.bgsu.edu/rna3dhub/motif/view/IL_58103.1
121,121,IL_58103.1,http://rna.bgsu.edu/rna3dhub/motif/view/IL_58103.1
122,122,IL_60287.1,http://rna.bgsu.edu/rna3dhub/motif/view/IL_60287.1
123,123,IL_72316.1,http://rna.bgsu.edu/rna3dhub/motif/view/IL_72316.1
124,124,IL_72316.1,http://rna.bgsu.edu/rna3dhub/motif/view/IL_72316.1
125,125,IL_72316.1,http://rna.bgsu.edu/rna3dhub/motif/view/IL_72316.1
126,126,IL_72316.1,http://rna.bgsu.edu/rna3dhub/motif/view/IL_72316.1
127,127,IL_72316.1,http://rna.bgsu.edu/rna3dhub/motif/view/IL_72316.1
128,128,IL_72316.1,http://rna.bgsu.edu/rna3dhub/motif/view/IL_72316.1
129,129,IL_74184.1,http://rna.bgsu.edu/rna3dhub/motif/view/IL_74184.1
130,130,IL_74184.1,http://rna.bgsu.edu/rna3dhub/motif/view/IL_74184.1
131,131,IL_74184.1,http://rna.bgsu.edu/rna3dhub/motif/view/IL_74184.1
132,132,IL_74184.1,http://rna.bgsu.edu/rna3dhub/motif/view/IL_74184.1
133,133,IL_74184.1,http://rna.bgsu.edu/rna3dhub/motif/view/IL_74184.1
134,134,IL_74184.1,http://rna.bgsu.edu/rna3dhub/motif/view/IL_74184.1
135,135,IL_80663.1,http://rna.bgsu.edu/rna3dhub/motif/view/IL_80663.1
136,136,IL_80663.1,http://rna.bgsu.edu/rna3dhub/motif/view/IL_80663.1
137,137,IL_80663.1,http://rna.bgsu.edu/rna3dhub/motif/view/IL_80663.1
138,138,IL_80663.1,http://rna.bgsu.edu/rna3dhub/motif/view/IL_80663.1
139,139,IL_80663.1,http://rna.bgsu.edu/rna3dhub/motif/view/IL_80663.1
140,140,IL_80663.1,http://rna.bgsu.edu/rna3dhub/motif/view/IL_80663.1
141,141,IL_85630.1,http://rna.bgsu.edu/rna3dhub/motif/view/IL_85630.1
142,142,IL_85630.1,http://rna.bgsu.edu/rna3dhub/motif/view/IL_85630.1
143,143,IL_85630.1,http://rna.bgsu.edu/rna3dhub/motif/view/IL_85630.1
144,144,IL_94466.1,http://rna.bgsu.edu/rna3dhub/motif/view/IL_94466.1
145,145,IL_94466.1,http://rna.bgsu.edu/rna3dhub/motif/view/IL_94466.1
146,146,IL_94466.1,http://rna.bgsu.edu/rna3dhub/motif/view/IL_94466.1
147,147,IL_95511.1,http://rna.bgsu.edu/rna3dhub/motif/view/IL_95511.1
148,148,IL_95511.1,http://rna.bgsu.edu/rna3dhub/motif/view/IL_95511.1
149,149,IL_95511.1,http://rna.bgsu.edu/rna3dhub/motif/view/IL_95511.1
150,150,IL_95511.1,http://rna.bgsu.edu/rna3dhub/motif/view/IL_95511.1
151,151,IL_95942.1,http://rna.bgsu.edu/rna3dhub/motif/view/IL_95942.1
152,152,IL_95942.1,http://rna.bgsu.edu/rna3dhub/motif/view/IL_95942.1
153,153,IL_95942.1,http://rna.bgsu.edu/rna3dhub/motif/view/IL_95942.1
154,154,IL_95942.1,http://rna.bgsu.edu/rna3dhub/motif/view/IL_95942.1
155,155,IL_95942.1,http://rna.bgsu.edu/rna3dhub/motif/view/IL_95942.1
156,156,IL_95942.1,http://rna.bgsu.edu/rna3dhub/motif/view/IL_95942.1
157,157,IL_95942.1,http://rna.bgsu.edu/rna3dhub/motif/view/IL_95942.1
158,158,IL_95942.1,http://rna.bgsu.edu/rna3dhub/motif/view/IL_95942.1
159,159,HL_14612.1,http://rna.bgsu.edu/rna3dhub/motif/view/HL_14612.1
160,160,HL_14612.1,http://rna.bgsu.edu/rna3dhub/motif/view/HL_14612.1
161,161,HL_19870.1,http://rna.bgsu.edu/rna3dhub/motif/view/HL_19870.1
162,162,HL_26055.1,http://rna.bgsu.edu/rna3dhub/motif/view/HL_26055.1
163,163,HL_26055.1,http://rna.bgsu.edu/rna3dhub/motif/view/HL_26055.1
164,164,HL_38216.1,http://rna.bgsu.edu/rna3dhub/motif/view/HL_38216.1
165,165,HL_38216.1,http://rna.bgsu.edu/rna3dhub/motif/view/HL_38216.1
166,166,HL_68304.1,http://rna.bgsu.edu/rna3dhub/motif/view/HL_68304.1
167,167,HL_68304.1,http://rna.bgsu.edu/rna3dhub/motif/view/HL_68304.1
168,168,HL_70929.1,http://rna.bgsu.edu/rna3dhub/motif/view/HL_70929.1
169,169,HL_70929.1,http://rna.bgsu.edu/rna3dhub/motif/view/HL_70929.1
170,170,HL_87219.1,http://rna.bgsu.edu/rna3dhub/motif/view/HL_87219.1
171,171,HL_87219.1,http://rna.bgsu.edu/rna3dhub/motif/view/HL_87219.1
172,172,HL_92681.1,http://rna.bgsu.edu/rna3dhub/motif/view/HL_92681.1
173,173,HL_98995.1,http://rna.bgsu.edu/rna3dhub/motif/view/HL_98995.1
174,174,HL_98995.1,http://rna.bgsu.edu/rna3dhub/motif/view/HL_98995.1
175,175,IL_11156.1,http://rna.bgsu.edu/rna3dhub/motif/view/IL_11156.1
176,176,IL_11156.1,http://rna.bgsu.edu/rna3dhub/motif/view/IL_11156.1
177,177,IL_11156.1,http://rna.bgsu.edu/rna3dhub/motif/view/IL_11156.1
178,178,IL_12786.1,http://rna.bgsu.edu/rna3dhub/motif/view/IL_12786.1
179,179,IL_12786.1,http://rna.bgsu.edu/rna3dhub/motif/view/IL_12786.1
180,180,IL_12786.1,http://rna.bgsu.edu/rna3dhub/motif/view/IL_12786.1
181,181,IL_15861.1,http://rna.bgsu.edu/rna3dhub/motif/view/IL_15861.1
182,182,IL_35167.1,http://rna.bgsu.edu/rna3dhub/motif/view/IL_35167.1
183,183,IL_35167.1,http://rna.bgsu.edu/rna3dhub/motif/view/IL_35167.1
184,184,IL_37811.1,http://rna.bgsu.edu/rna3dhub/motif/view/IL_37811.1
185,185,IL_37811.1,http://rna.bgsu.edu/rna3dhub/motif/view/IL_37811.1
186,186,IL_37811.1,http://rna.bgsu.edu/rna3dhub/motif/view/IL_37811.1
187,187,IL_38958.1,http://rna.bgsu.edu/rna3dhub/motif/view/IL_38958.1
188,188,IL_38958.1,http://rna.bgsu.edu/rna3dhub/motif/view/IL_38958.1
189,189,IL_39521.1,http://rna.bgsu.edu/rna3dhub/motif/view/IL_39521.1
190,190,IL_49767.1,http://rna.bgsu.edu/rna3dhub/motif/view/IL_49767.1
191,191,IL_50587.1,http://rna.bgsu.edu/rna3dhub/motif/view/IL_50587.1
192,192,IL_52583.1,http://rna.bgsu.edu/rna3dhub/motif/view/IL_52583.1
193,193,IL_52583.1,http://rna.bgsu.edu/rna3dhub/motif/view/IL_52583.1
194,194,IL_94431.1,http://rna.bgsu.edu/rna3dhub/motif/view/IL_94431.1
195,195,IL_94431.1,http://rna.bgsu.edu/rna3dhub/motif/view/IL_94431.1
196,196,IL_94431.1,http://rna.bgsu.edu/rna3dhub/motif/view/IL_94431.1
-1,197,HL_00641.1,http://rna.bgsu.edu/rna3dhub/motif/view/HL_00641.1
-1,198,HL_01181.1,http://rna.bgsu.edu/rna3dhub/motif/view/HL_01181.1
-1,199,HL_01397.1,http://rna.bgsu.edu/rna3dhub/motif/view/HL_01397.1
-1,200,HL_01472.1,http://rna.bgsu.edu/rna3dhub/motif/view/HL_01472.1
-1,201,HL_02483.1,http://rna.bgsu.edu/rna3dhub/motif/view/HL_02483.1
-1,202,HL_02932.1,http://rna.bgsu.edu/rna3dhub/motif/view/HL_02932.1
-1,203,HL_03603.1,http://rna.bgsu.edu/rna3dhub/motif/view/HL_03603.1
-1,204,HL_03847.1,http://rna.bgsu.edu/rna3dhub/motif/view/HL_03847.1
-1,205,HL_04032.1,http://rna.bgsu.edu/rna3dhub/motif/view/HL_04032.1
-1,206,HL_04171.1,http://rna.bgsu.edu/rna3dhub/motif/view/HL_04171.1
-1,207,HL_04171.1,http://rna.bgsu.edu/rna3dhub/motif/view/HL_04171.1
-1,208,HL_05018.1,http://rna.bgsu.edu/rna3dhub/motif/view/HL_05018.1
-1,209,HL_05123.1,http://rna.bgsu.edu/rna3dhub/motif/view/HL_05123.1
-1,210,HL_05123.1,http://rna.bgsu.edu/rna3dhub/motif/view/HL_05123.1
-1,211,HL_06137.1,http://rna.bgsu.edu/rna3dhub/motif/view/HL_06137.1
-1,212,HL_06228.1,http://rna.bgsu.edu/rna3dhub/motif/view/HL_06228.1
-1,213,HL_06627.1,http://rna.bgsu.edu/rna3dhub/motif/view/HL_06627.1
-1,214,HL_06627.1,http://rna.bgsu.edu/rna3dhub/motif/view/HL_06627.1
-1,215,HL_06645.1,http://rna.bgsu.edu/rna3dhub/motif/view/HL_06645.1
-1,216,HL_07268.1,http://rna.bgsu.edu/rna3dhub/motif/view/HL_07268.1
-1,217,HL_07579.1,http://rna.bgsu.edu/rna3dhub/motif/view/HL_07579.1
-1,218,HL_07972.1,http://rna.bgsu.edu/rna3dhub/motif/view/HL_07972.1
-1,219,HL_07972.1,http://rna.bgsu.edu/rna3dhub/motif/view/HL_07972.1
-1,220,HL_08002.1,http://rna.bgsu.edu/rna3dhub/motif/view/HL_08002.1
-1,221,HL_08002.1,http://rna.bgsu.edu/rna3dhub/motif/view/HL_08002.1
-1,222,HL_08291.1,http://rna.bgsu.edu/rna3dhub/motif/view/HL_08291.1
-1,223,HL_08602.1,http://rna.bgsu.edu/rna3dhub/motif/view/HL_08602.1
-1,224,HL_09150.1,http://rna.bgsu.edu/rna3dhub/motif/view/HL_09150.1
-1,225,HL_09712.1,http://rna.bgsu.edu/rna3dhub/motif/view/HL_09712.1
-1,226,HL_11017.1,http://rna.bgsu.edu/rna3dhub/motif/view/HL_11017.1
-1,227,HL_12053.1,http://rna.bgsu.edu/rna3dhub/motif/view/HL_12053.1
-1,228,HL_12571.1,http://rna.bgsu.edu/rna3dhub/motif/view/HL_12571.1
-1,229,HL_12710.1,http://rna.bgsu.edu/rna3dhub/motif/view/HL_12710.1
-1,230,HL_12773.1,http://rna.bgsu.edu/rna3dhub/motif/view/HL_12773.1
-1,231,HL_12870.1,http://rna.bgsu.edu/rna3dhub/motif/view/HL_12870.1
-1,232,HL_14859.1,http://rna.bgsu.edu/rna3dhub/motif/view/HL_14859.1
-1,233,HL_15528.1,http://rna.bgsu.edu/rna3dhub/motif/view/HL_15528.1
-1,234,HL_15968.1,http://rna.bgsu.edu/rna3dhub/motif/view/HL_15968.1
-1,235,HL_16449.1,http://rna.bgsu.edu/rna3dhub/motif/view/HL_16449.1
-1,236,HL_16449.1,http://rna.bgsu.edu/rna3dhub/motif/view/HL_16449.1
-1,237,HL_16827.1,http://rna.bgsu.edu/rna3dhub/motif/view/HL_16827.1
-1,238,HL_16845.1,http://rna.bgsu.edu/rna3dhub/motif/view/HL_16845.1
-1,239,HL_17086.1,http://rna.bgsu.edu/rna3dhub/motif/view/HL_17086.1
-1,240,HL_17899.1,http://rna.bgsu.edu/rna3dhub/motif/view/HL_17899.1
-1,241,HL_17956.1,http://rna.bgsu.edu/rna3dhub/motif/view/HL_17956.1
-1,242,HL_18785.1,http://rna.bgsu.edu/rna3dhub/motif/view/HL_18785.1
-1,243,HL_19735.1,http://rna.bgsu.edu/rna3dhub/motif/view/HL_19735.1
-1,244,HL_19735.1,http://rna.bgsu.edu/rna3dhub/motif/view/HL_19735.1
-1,245,HL_20030.1,http://rna.bgsu.edu/rna3dhub/motif/view/HL_20030.1
-1,246,HL_20743.1,http://rna.bgsu.edu/rna3dhub/motif/view/HL_20743.1
-1,247,HL_20751.1,http://rna.bgsu.edu/rna3dhub/motif/view/HL_20751.1
-1,248,HL_20797.1,http://rna.bgsu.edu/rna3dhub/motif/view/HL_20797.1
-1,249,HL_20859.1,http://rna.bgsu.edu/rna3dhub/motif/view/HL_20859.1
-1,250,HL_20859.1,http://rna.bgsu.edu/rna3dhub/motif/view/HL_20859.1
-1,251,HL_23090.1,http://rna.bgsu.edu/rna3dhub/motif/view/HL_23090.1
-1,252,HL_23219.1,http://rna.bgsu.edu/rna3dhub/motif/view/HL_23219.1
-1,253,HL_23481.1,http://rna.bgsu.edu/rna3dhub/motif/view/HL_23481.1
-1,254,HL_23481.1,http://rna.bgsu.edu/rna3dhub/motif/view/HL_23481.1
-1,255,HL_23530.1,http://rna.bgsu.edu/rna3dhub/motif/view/HL_23530.1
-1,256,HL_23537.1,http://rna.bgsu.edu/rna3dhub/motif/view/HL_23537.1
-1,257,HL_23986.1,http://rna.bgsu.edu/rna3dhub/motif/view/HL_23986.1
-1,258,HL_24323.1,http://rna.bgsu.edu/rna3dhub/motif/view/HL_24323.1
-1,259,HL_24625.1,http://rna.bgsu.edu/rna3dhub/motif/view/HL_24625.1
-1,260,HL_25619.1,http://rna.bgsu.edu/rna3dhub/motif/view/HL_25619.1
-1,261,HL_26501.1,http://rna.bgsu.edu/rna3dhub/motif/view/HL_26501.1
-1,262,HL_27593.1,http://rna.bgsu.edu/rna3dhub/motif/view/HL_27593.1
-1,263,HL_27593.1,http://rna.bgsu.edu/rna3dhub/motif/view/HL_27593.1
-1,264,HL_27764.1,http://rna.bgsu.edu/rna3dhub/motif/view/HL_27764.1
-1,265,HL_28843.1,http://rna.bgsu.edu/rna3dhub/motif/view/HL_28843.1
-1,266,HL_29392.1,http://rna.bgsu.edu/rna3dhub/motif/view/HL_29392.1
-1,267,HL_29487.1,http://rna.bgsu.edu/rna3dhub/motif/view/HL_29487.1
-1,268,HL_30585.1,http://rna.bgsu.edu/rna3dhub/motif/view/HL_30585.1
-1,269,HL_30819.1,http://rna.bgsu.edu/rna3dhub/motif/view/HL_30819.1
-1,270,HL_31286.1,http://rna.bgsu.edu/rna3dhub/motif/view/HL_31286.1
-1,271,HL_31286.1,http://rna.bgsu.edu/rna3dhub/motif/view/HL_31286.1
-1,272,HL_31345.1,http://rna.bgsu.edu/rna3dhub/motif/view/HL_31345.1
-1,273,HL_31581.1,http://rna.bgsu.edu/rna3dhub/motif/view/HL_31581.1
-1,274,HL_32617.1,http://rna.bgsu.edu/rna3dhub/motif/view/HL_32617.1
-1,275,HL_32617.1,http://rna.bgsu.edu/rna3dhub/motif/view/HL_32617.1
-1,276,HL_33239.1,http://rna.bgsu.edu/rna3dhub/motif/view/HL_33239.1
-1,277,HL_34327.1,http://rna.bgsu.edu/rna3dhub/motif/view/HL_34327.1
-1,278,HL_35010.1,http://rna.bgsu.edu/rna3dhub/motif/view/HL_35010.1
-1,279,HL_35491.1,http://rna.bgsu.edu/rna3dhub/motif/view/HL_35491.1
-1,280,HL_35888.1,http://rna.bgsu.edu/rna3dhub/motif/view/HL_35888.1
-1,281,HL_35894.1,http://rna.bgsu.edu/rna3dhub/motif/view/HL_35894.1
-1,282,HL_35894.1,http://rna.bgsu.edu/rna3dhub/motif/view/HL_35894.1
-1,283,HL_35894.1,http://rna.bgsu.edu/rna3dhub/motif/view/HL_35894.1
-1,284,HL_35978.1,http://rna.bgsu.edu/rna3dhub/motif/view/HL_35978.1
-1,285,HL_36421.1,http://rna.bgsu.edu/rna3dhub/motif/view/HL_36421.1
-1,286,HL_37694.1,http://rna.bgsu.edu/rna3dhub/motif/view/HL_37694.1
-1,287,HL_37723.1,http://rna.bgsu.edu/rna3dhub/motif/view/HL_37723.1
-1,288,HL_37846.1,http://rna.bgsu.edu/rna3dhub/motif/view/HL_37846.1
-1,289,HL_38646.1,http://rna.bgsu.edu/rna3dhub/motif/view/HL_38646.1
-1,290,HL_38646.1,http://rna.bgsu.edu/rna3dhub/motif/view/HL_38646.1
-1,291,HL_39334.1,http://rna.bgsu.edu/rna3dhub/motif/view/HL_39334.1
-1,292,HL_40065.1,http://rna.bgsu.edu/rna3dhub/motif/view/HL_40065.1
-1,293,HL_41285.1,http://rna.bgsu.edu/rna3dhub/motif/view/HL_41285.1
-1,294,HL_42211.1,http://rna.bgsu.edu/rna3dhub/motif/view/HL_42211.1
-1,295,HL_42671.1,http://rna.bgsu.edu/rna3dhub/motif/view/HL_42671.1
-1,296,HL_44221.1,http://rna.bgsu.edu/rna3dhub/motif/view/HL_44221.1
-1,297,HL_44769.1,http://rna.bgsu.edu/rna3dhub/motif/view/HL_44769.1
-1,298,HL_44911.1,http://rna.bgsu.edu/rna3dhub/motif/view/HL_44911.1
-1,299,HL_46303.1,http://rna.bgsu.edu/rna3dhub/motif/view/HL_46303.1
-1,300,HL_48376.1,http://rna.bgsu.edu/rna3dhub/motif/view/HL_48376.1
-1,301,HL_49711.1,http://rna.bgsu.edu/rna3dhub/motif/view/HL_49711.1
-1,302,HL_49816.1,http://rna.bgsu.edu/rna3dhub/motif/view/HL_49816.1
-1,303,HL_50308.1,http://rna.bgsu.edu/rna3dhub/motif/view/HL_50308.1
-1,304,HL_50537.1,http://rna.bgsu.edu/rna3dhub/motif/view/HL_50537.1
-1,305,HL_50622.1,http://rna.bgsu.edu/rna3dhub/motif/view/HL_50622.1
-1,306,HL_50967.1,http://rna.bgsu.edu/rna3dhub/motif/view/HL_50967.1
-1,307,HL_51284.1,http://rna.bgsu.edu/rna3dhub/motif/view/HL_51284.1
-1,308,HL_51476.1,http://rna.bgsu.edu/rna3dhub/motif/view/HL_51476.1
-1,309,HL_52657.1,http://rna.bgsu.edu/rna3dhub/motif/view/HL_52657.1
-1,310,HL_53119.1,http://rna.bgsu.edu/rna3dhub/motif/view/HL_53119.1
-1,311,HL_53849.1,http://rna.bgsu.edu/rna3dhub/motif/view/HL_53849.1
-1,312,HL_54035.1,http://rna.bgsu.edu/rna3dhub/motif/view/HL_54035.1
-1,313,HL_54035.1,http://rna.bgsu.edu/rna3dhub/motif/view/HL_54035.1
-1,314,HL_54616.1,http://rna.bgsu.edu/rna3dhub/motif/view/HL_54616.1
-1,315,HL_55046.1,http://rna.bgsu.edu/rna3dhub/motif/view/HL_55046.1
-1,316,HL_55264.1,http://rna.bgsu.edu/rna3dhub/motif/view/HL_55264.1
-1,317,HL_56500.1,http://rna.bgsu.edu/rna3dhub/motif/view/HL_56500.1
-1,318,HL_56576.1,http://rna.bgsu.edu/rna3dhub/motif/view/HL_56576.1
-1,319,HL_56677.1,http://rna.bgsu.edu/rna3dhub/motif/view/HL_56677.1
-1,320,HL_57065.1,http://rna.bgsu.edu/rna3dhub/motif/view/HL_57065.1
-1,321,HL_57065.1,http://rna.bgsu.edu/rna3dhub/motif/view/HL_57065.1
-1,322,HL_57065.1,http://rna.bgsu.edu/rna3dhub/motif/view/HL_57065.1
-1,323,HL_58446.1,http://rna.bgsu.edu/rna3dhub/motif/view/HL_58446.1
-1,324,HL_58539.1,http://rna.bgsu.edu/rna3dhub/motif/view/HL_58539.1
-1,325,HL_58733.1,http://rna.bgsu.edu/rna3dhub/motif/view/HL_58733.1
-1,326,HL_58853.1,http://rna.bgsu.edu/rna3dhub/motif/view/HL_58853.1
-1,327,HL_59158.1,http://rna.bgsu.edu/rna3dhub/motif/view/HL_59158.1
-1,328,HL_59445.1,http://rna.bgsu.edu/rna3dhub/motif/view/HL_59445.1
-1,329,HL_59564.1,http://rna.bgsu.edu/rna3dhub/motif/view/HL_59564.1
-1,330,HL_59710.1,http://rna.bgsu.edu/rna3dhub/motif/view/HL_59710.1
-1,331,HL_59988.1,http://rna.bgsu.edu/rna3dhub/motif/view/HL_59988.1
-1,332,HL_60695.1,http://rna.bgsu.edu/rna3dhub/motif/view/HL_60695.1
-1,333,HL_61818.1,http://rna.bgsu.edu/rna3dhub/motif/view/HL_61818.1
-1,334,HL_62869.1,http://rna.bgsu.edu/rna3dhub/motif/view/HL_62869.1
-1,335,HL_63699.1,http://rna.bgsu.edu/rna3dhub/motif/view/HL_63699.1
-1,336,HL_65304.1,http://rna.bgsu.edu/rna3dhub/motif/view/HL_65304.1
-1,337,HL_66064.1,http://rna.bgsu.edu/rna3dhub/motif/view/HL_66064.1
-1,338,HL_66621.1,http://rna.bgsu.edu/rna3dhub/motif/view/HL_66621.1
-1,339,HL_67216.1,http://rna.bgsu.edu/rna3dhub/motif/view/HL_67216.1
-1,340,HL_68644.1,http://rna.bgsu.edu/rna3dhub/motif/view/HL_68644.1
-1,341,HL_69811.1,http://rna.bgsu.edu/rna3dhub/motif/view/HL_69811.1
-1,342,HL_71636.1,http://rna.bgsu.edu/rna3dhub/motif/view/HL_71636.1
-1,343,HL_72066.1,http://rna.bgsu.edu/rna3dhub/motif/view/HL_72066.1
-1,344,HL_72152.1,http://rna.bgsu.edu/rna3dhub/motif/view/HL_72152.1
-1,345,HL_72152.1,http://rna.bgsu.edu/rna3dhub/motif/view/HL_72152.1
-1,346,HL_72419.1,http://rna.bgsu.edu/rna3dhub/motif/view/HL_72419.1
-1,347,HL_72451.1,http://rna.bgsu.edu/rna3dhub/motif/view/HL_72451.1
-1,348,HL_73235.1,http://rna.bgsu.edu/rna3dhub/motif/view/HL_73235.1
-1,349,HL_73266.1,http://rna.bgsu.edu/rna3dhub/motif/view/HL_73266.1
-1,350,HL_74088.1,http://rna.bgsu.edu/rna3dhub/motif/view/HL_74088.1
-1,351,HL_75091.1,http://rna.bgsu.edu/rna3dhub/motif/view/HL_75091.1
-1,352,HL_75091.1,http://rna.bgsu.edu/rna3dhub/motif/view/HL_75091.1
-1,353,HL_75338.1,http://rna.bgsu.edu/rna3dhub/motif/view/HL_75338.1
-1,354,HL_76360.1,http://rna.bgsu.edu/rna3dhub/motif/view/HL_76360.1
-1,355,HL_76406.1,http://rna.bgsu.edu/rna3dhub/motif/view/HL_76406.1
-1,356,HL_77215.1,http://rna.bgsu.edu/rna3dhub/motif/view/HL_77215.1
-1,357,HL_78457.1,http://rna.bgsu.edu/rna3dhub/motif/view/HL_78457.1
-1,358,HL_78457.1,http://rna.bgsu.edu/rna3dhub/motif/view/HL_78457.1
-1,359,HL_78869.1,http://rna.bgsu.edu/rna3dhub/motif/view/HL_78869.1
-1,360,HL_79299.1,http://rna.bgsu.edu/rna3dhub/motif/view/HL_79299.1
-1,361,HL_79299.1,http://rna.bgsu.edu/rna3dhub/motif/view/HL_79299.1
-1,362,HL_80325.1,http://rna.bgsu.edu/rna3dhub/motif/view/HL_80325.1
-1,363,HL_80477.1,http://rna.bgsu.edu/rna3dhub/motif/view/HL_80477.1
-1,364,HL_80705.1,http://rna.bgsu.edu/rna3dhub/motif/view/HL_80705.1
-1,365,HL_81439.1,http://rna.bgsu.edu/rna3dhub/motif/view/HL_81439.1
-1,366,HL_81439.1,http://rna.bgsu.edu/rna3dhub/motif/view/HL_81439.1
-1,367,HL_81814.1,http://rna.bgsu.edu/rna3dhub/motif/view/HL_81814.1
-1,368,HL_81820.1,http://rna.bgsu.edu/rna3dhub/motif/view/HL_81820.1
-1,369,HL_85475.1,http://rna.bgsu.edu/rna3dhub/motif/view/HL_85475.1
-1,370,HL_85984.1,http://rna.bgsu.edu/rna3dhub/motif/view/HL_85984.1
-1,371,HL_85987.1,http://rna.bgsu.edu/rna3dhub/motif/view/HL_85987.1
-1,372,HL_86097.1,http://rna.bgsu.edu/rna3dhub/motif/view/HL_86097.1
-1,373,HL_86109.1,http://rna.bgsu.edu/rna3dhub/motif/view/HL_86109.1
-1,374,HL_86378.1,http://rna.bgsu.edu/rna3dhub/motif/view/HL_86378.1
-1,375,HL_88305.1,http://rna.bgsu.edu/rna3dhub/motif/view/HL_88305.1
-1,376,HL_89082.1,http://rna.bgsu.edu/rna3dhub/motif/view/HL_89082.1
-1,377,HL_90197.1,http://rna.bgsu.edu/rna3dhub/motif/view/HL_90197.1
-1,378,HL_90870.1,http://rna.bgsu.edu/rna3dhub/motif/view/HL_90870.1
-1,379,HL_91131.1,http://rna.bgsu.edu/rna3dhub/motif/view/HL_91131.1
-1,380,HL_91503.1,http://rna.bgsu.edu/rna3dhub/motif/view/HL_91503.1
-1,381,HL_92304.1,http://rna.bgsu.edu/rna3dhub/motif/view/HL_92304.1
-1,382,HL_92488.1,http://rna.bgsu.edu/rna3dhub/motif/view/HL_92488.1
-1,383,HL_92646.1,http://rna.bgsu.edu/rna3dhub/motif/view/HL_92646.1
-1,384,HL_93212.1,http://rna.bgsu.edu/rna3dhub/motif/view/HL_93212.1
-1,385,HL_93221.1,http://rna.bgsu.edu/rna3dhub/motif/view/HL_93221.1
-1,386,HL_93580.1,http://rna.bgsu.edu/rna3dhub/motif/view/HL_93580.1
-1,387,HL_94651.1,http://rna.bgsu.edu/rna3dhub/motif/view/HL_94651.1
-1,388,HL_94657.1,http://rna.bgsu.edu/rna3dhub/motif/view/HL_94657.1
-1,389,HL_94657.1,http://rna.bgsu.edu/rna3dhub/motif/view/HL_94657.1
-1,390,HL_96571.1,http://rna.bgsu.edu/rna3dhub/motif/view/HL_96571.1
-1,391,HL_98252.1,http://rna.bgsu.edu/rna3dhub/motif/view/HL_98252.1
-1,392,HL_98885.1,http://rna.bgsu.edu/rna3dhub/motif/view/HL_98885.1
-1,393,HL_99402.1,http://rna.bgsu.edu/rna3dhub/motif/view/HL_99402.1
-1,394,IL_01126.1,http://rna.bgsu.edu/rna3dhub/motif/view/IL_01126.1
-1,395,IL_01126.1,http://rna.bgsu.edu/rna3dhub/motif/view/IL_01126.1
-1,396,IL_01335.1,http://rna.bgsu.edu/rna3dhub/motif/view/IL_01335.1
-1,397,IL_01502.1,http://rna.bgsu.edu/rna3dhub/motif/view/IL_01502.1
-1,398,IL_02086.1,http://rna.bgsu.edu/rna3dhub/motif/view/IL_02086.1
-1,399,IL_02349.1,http://rna.bgsu.edu/rna3dhub/motif/view/IL_02349.1
-1,400,IL_03420.1,http://rna.bgsu.edu/rna3dhub/motif/view/IL_03420.1
-1,401,IL_04356.1,http://rna.bgsu.edu/rna3dhub/motif/view/IL_04356.1
-1,402,IL_05062.1,http://rna.bgsu.edu/rna3dhub/motif/view/IL_05062.1
-1,403,IL_06251.1,http://rna.bgsu.edu/rna3dhub/motif/view/IL_06251.1
-1,404,IL_06267.1,http://rna.bgsu.edu/rna3dhub/motif/view/IL_06267.1
-1,405,IL_06276.1,http://rna.bgsu.edu/rna3dhub/motif/view/IL_06276.1
-1,406,IL_06300.1,http://rna.bgsu.edu/rna3dhub/motif/view/IL_06300.1
-1,407,IL_08061.1,http://rna.bgsu.edu/rna3dhub/motif/view/IL_08061.1
-1,408,IL_08296.1,http://rna.bgsu.edu/rna3dhub/motif/view/IL_08296.1
-1,409,IL_09155.1,http://rna.bgsu.edu/rna3dhub/motif/view/IL_09155.1
-1,410,IL_09696.1,http://rna.bgsu.edu/rna3dhub/motif/view/IL_09696.1
-1,411,IL_09818.1,http://rna.bgsu.edu/rna3dhub/motif/view/IL_09818.1
-1,412,IL_09818.1,http://rna.bgsu.edu/rna3dhub/motif/view/IL_09818.1
-1,413,IL_09986.1,http://rna.bgsu.edu/rna3dhub/motif/view/IL_09986.1
-1,414,IL_11577.1,http://rna.bgsu.edu/rna3dhub/motif/view/IL_11577.1
-1,415,IL_11914.1,http://rna.bgsu.edu/rna3dhub/motif/view/IL_11914.1
-1,416,IL_13013.1,http://rna.bgsu.edu/rna3dhub/motif/view/IL_13013.1
-1,417,IL_13131.1,http://rna.bgsu.edu/rna3dhub/motif/view/IL_13131.1
-1,418,IL_13394.1,http://rna.bgsu.edu/rna3dhub/motif/view/IL_13394.1
-1,419,IL_14148.1,http://rna.bgsu.edu/rna3dhub/motif/view/IL_14148.1
-1,420,IL_14148.1,http://rna.bgsu.edu/rna3dhub/motif/view/IL_14148.1
-1,421,IL_14754.1,http://rna.bgsu.edu/rna3dhub/motif/view/IL_14754.1
-1,422,IL_15787.1,http://rna.bgsu.edu/rna3dhub/motif/view/IL_15787.1
-1,423,IL_15795.1,http://rna.bgsu.edu/rna3dhub/motif/view/IL_15795.1
-1,424,IL_15944.1,http://rna.bgsu.edu/rna3dhub/motif/view/IL_15944.1
-1,425,IL_15944.1,http://rna.bgsu.edu/rna3dhub/motif/view/IL_15944.1
-1,426,IL_15944.1,http://rna.bgsu.edu/rna3dhub/motif/view/IL_15944.1
-1,427,IL_15978.1,http://rna.bgsu.edu/rna3dhub/motif/view/IL_15978.1
-1,428,IL_16188.1,http://rna.bgsu.edu/rna3dhub/motif/view/IL_16188.1
-1,429,IL_16188.1,http://rna.bgsu.edu/rna3dhub/motif/view/IL_16188.1
-1,430,IL_16702.1,http://rna.bgsu.edu/rna3dhub/motif/view/IL_16702.1
-1,431,IL_16834.1,http://rna.bgsu.edu/rna3dhub/motif/view/IL_16834.1
-1,432,IL_17069.1,http://rna.bgsu.edu/rna3dhub/motif/view/IL_17069.1
-1,433,IL_17470.1,http://rna.bgsu.edu/rna3dhub/motif/view/IL_17470.1
-1,434,IL_17765.1,http://rna.bgsu.edu/rna3dhub/motif/view/IL_17765.1
-1,435,IL_18369.1,http://rna.bgsu.edu/rna3dhub/motif/view/IL_18369.1
-1,436,IL_20245.1,http://rna.bgsu.edu/rna3dhub/motif/view/IL_20245.1
-1,437,IL_20908.1,http://rna.bgsu.edu/rna3dhub/motif/view/IL_20908.1
-1,438,IL_21121.1,http://rna.bgsu.edu/rna3dhub/motif/view/IL_21121.1
-1,439,IL_22436.1,http://rna.bgsu.edu/rna3dhub/motif/view/IL_22436.1
-1,440,IL_23544.1,http://rna.bgsu.edu/rna3dhub/motif/view/IL_23544.1
-1,441,IL_23663.1,http://rna.bgsu.edu/rna3dhub/motif/view/IL_23663.1
-1,442,IL_23663.1,http://rna.bgsu.edu/rna3dhub/motif/view/IL_23663.1
-1,443,IL_23825.1,http://rna.bgsu.edu/rna3dhub/motif/view/IL_23825.1
-1,444,IL_23934.1,http://rna.bgsu.edu/rna3dhub/motif/view/IL_23934.1
-1,445,IL_24606.1,http://rna.bgsu.edu/rna3dhub/motif/view/IL_24606.1
-1,446,IL_24905.1,http://rna.bgsu.edu/rna3dhub/motif/view/IL_24905.1
-1,447,IL_24905.1,http://rna.bgsu.edu/rna3dhub/motif/view/IL_24905.1
-1,448,IL_25167.1,http://rna.bgsu.edu/rna3dhub/motif/view/IL_25167.1
-1,449,IL_25738.1,http://rna.bgsu.edu/rna3dhub/motif/view/IL_25738.1
-1,450,IL_26351.1,http://rna.bgsu.edu/rna3dhub/motif/view/IL_26351.1
-1,451,IL_27833.1,http://rna.bgsu.edu/rna3dhub/motif/view/IL_27833.1
-1,452,IL_27888.1,http://rna.bgsu.edu/rna3dhub/motif/view/IL_27888.1
-1,453,IL_28060.1,http://rna.bgsu.edu/rna3dhub/motif/view/IL_28060.1
-1,454,IL_28060.1,http://rna.bgsu.edu/rna3dhub/motif/view/IL_28060.1
-1,455,IL_29549.1,http://rna.bgsu.edu/rna3dhub/motif/view/IL_29549.1
-1,456,IL_29549.1,http://rna.bgsu.edu/rna3dhub/motif/view/IL_29549.1
-1,457,IL_29549.1,http://rna.bgsu.edu/rna3dhub/motif/view/IL_29549.1
-1,458,IL_29821.1,http://rna.bgsu.edu/rna3dhub/motif/view/IL_29821.1
-1,459,IL_29978.1,http://rna.bgsu.edu/rna3dhub/motif/view/IL_29978.1
-1,460,IL_29978.1,http://rna.bgsu.edu/rna3dhub/motif/view/IL_29978.1
-1,461,IL_30113.1,http://rna.bgsu.edu/rna3dhub/motif/view/IL_30113.1
-1,462,IL_30294.1,http://rna.bgsu.edu/rna3dhub/motif/view/IL_30294.1
-1,463,IL_31196.1,http://rna.bgsu.edu/rna3dhub/motif/view/IL_31196.1
-1,464,IL_31504.1,http://rna.bgsu.edu/rna3dhub/motif/view/IL_31504.1
-1,465,IL_31933.1,http://rna.bgsu.edu/rna3dhub/motif/view/IL_31933.1
-1,466,IL_31933.1,http://rna.bgsu.edu/rna3dhub/motif/view/IL_31933.1
-1,467,IL_32181.1,http://rna.bgsu.edu/rna3dhub/motif/view/IL_32181.1
-1,468,IL_32705.1,http://rna.bgsu.edu/rna3dhub/motif/view/IL_32705.1
-1,469,IL_33662.1,http://rna.bgsu.edu/rna3dhub/motif/view/IL_33662.1
-1,470,IL_34470.1,http://rna.bgsu.edu/rna3dhub/motif/view/IL_34470.1
-1,471,IL_34590.1,http://rna.bgsu.edu/rna3dhub/motif/view/IL_34590.1
-1,472,IL_34626.1,http://rna.bgsu.edu/rna3dhub/motif/view/IL_34626.1
-1,473,IL_34626.1,http://rna.bgsu.edu/rna3dhub/motif/view/IL_34626.1
-1,474,IL_34626.1,http://rna.bgsu.edu/rna3dhub/motif/view/IL_34626.1
-1,475,IL_34780.1,http://rna.bgsu.edu/rna3dhub/motif/view/IL_34780.1
-1,476,IL_34915.1,http://rna.bgsu.edu/rna3dhub/motif/view/IL_34915.1
-1,477,IL_35058.1,http://rna.bgsu.edu/rna3dhub/motif/view/IL_35058.1
-1,478,IL_35410.1,http://rna.bgsu.edu/rna3dhub/motif/view/IL_35410.1
-1,479,IL_35419.1,http://rna.bgsu.edu/rna3dhub/motif/view/IL_35419.1
-1,480,IL_35419.1,http://rna.bgsu.edu/rna3dhub/motif/view/IL_35419.1
-1,481,IL_35853.1,http://rna.bgsu.edu/rna3dhub/motif/view/IL_35853.1
-1,482,IL_35853.1,http://rna.bgsu.edu/rna3dhub/motif/view/IL_35853.1
-1,483,IL_35904.1,http://rna.bgsu.edu/rna3dhub/motif/view/IL_35904.1
-1,484,IL_36143.1,http://rna.bgsu.edu/rna3dhub/motif/view/IL_36143.1
-1,485,IL_36582.1,http://rna.bgsu.edu/rna3dhub/motif/view/IL_36582.1
-1,486,IL_36973.1,http://rna.bgsu.edu/rna3dhub/motif/view/IL_36973.1
-1,487,IL_37650.1,http://rna.bgsu.edu/rna3dhub/motif/view/IL_37650.1
-1,488,IL_37650.1,http://rna.bgsu.edu/rna3dhub/motif/view/IL_37650.1
-1,489,IL_37794.1,http://rna.bgsu.edu/rna3dhub/motif/view/IL_37794.1
-1,490,IL_37794.1,http://rna.bgsu.edu/rna3dhub/motif/view/IL_37794.1
-1,491,IL_38634.1,http://rna.bgsu.edu/rna3dhub/motif/view/IL_38634.1
-1,492,IL_39409.1,http://rna.bgsu.edu/rna3dhub/motif/view/IL_39409.1
-1,493,IL_39448.1,http://rna.bgsu.edu/rna3dhub/motif/view/IL_39448.1
-1,494,IL_39448.1,http://rna.bgsu.edu/rna3dhub/motif/view/IL_39448.1
-1,495,IL_39631.1,http://rna.bgsu.edu/rna3dhub/motif/view/IL_39631.1
-1,496,IL_41414.1,http://rna.bgsu.edu/rna3dhub/motif/view/IL_41414.1
-1,497,IL_42712.1,http://rna.bgsu.edu/rna3dhub/motif/view/IL_42712.1
-1,498,IL_43065.1,http://rna.bgsu.edu/rna3dhub/motif/view/IL_43065.1
-1,499,IL_43115.1,http://rna.bgsu.edu/rna3dhub/motif/view/IL_43115.1
-1,500,IL_43115.1,http://rna.bgsu.edu/rna3dhub/motif/view/IL_43115.1
-1,501,IL_43115.1,http://rna.bgsu.edu/rna3dhub/motif/view/IL_43115.1
-1,502,IL_43454.1,http://rna.bgsu.edu/rna3dhub/motif/view/IL_43454.1
-1,503,IL_43743.1,http://rna.bgsu.edu/rna3dhub/motif/view/IL_43743.1
-1,504,IL_44060.1,http://rna.bgsu.edu/rna3dhub/motif/view/IL_44060.1
-1,505,IL_44060.1,http://rna.bgsu.edu/rna3dhub/motif/view/IL_44060.1
-1,506,IL_45034.1,http://rna.bgsu.edu/rna3dhub/motif/view/IL_45034.1
-1,507,IL_45944.1,http://rna.bgsu.edu/rna3dhub/motif/view/IL_45944.1
-1,508,IL_45944.1,http://rna.bgsu.edu/rna3dhub/motif/view/IL_45944.1
-1,509,IL_45978.1,http://rna.bgsu.edu/rna3dhub/motif/view/IL_45978.1
-1,510,IL_45988.1,http://rna.bgsu.edu/rna3dhub/motif/view/IL_45988.1
-1,511,IL_46112.1,http://rna.bgsu.edu/rna3dhub/motif/view/IL_46112.1
-1,512,IL_46401.1,http://rna.bgsu.edu/rna3dhub/motif/view/IL_46401.1
-1,513,IL_46732.1,http://rna.bgsu.edu/rna3dhub/motif/view/IL_46732.1
-1,514,IL_47072.1,http://rna.bgsu.edu/rna3dhub/motif/view/IL_47072.1
-1,515,IL_48280.1,http://rna.bgsu.edu/rna3dhub/motif/view/IL_48280.1
-1,516,IL_48280.1,http://rna.bgsu.edu/rna3dhub/motif/view/IL_48280.1
-1,517,IL_49607.1,http://rna.bgsu.edu/rna3dhub/motif/view/IL_49607.1
-1,518,IL_49607.1,http://rna.bgsu.edu/rna3dhub/motif/view/IL_49607.1
-1,519,IL_49607.1,http://rna.bgsu.edu/rna3dhub/motif/view/IL_49607.1
-1,520,IL_49735.1,http://rna.bgsu.edu/rna3dhub/motif/view/IL_49735.1
-1,521,IL_50992.1,http://rna.bgsu.edu/rna3dhub/motif/view/IL_50992.1
-1,522,IL_51265.1,http://rna.bgsu.edu/rna3dhub/motif/view/IL_51265.1
-1,523,IL_51528.1,http://rna.bgsu.edu/rna3dhub/motif/view/IL_51528.1
-1,524,IL_51590.1,http://rna.bgsu.edu/rna3dhub/motif/view/IL_51590.1
-1,525,IL_51590.1,http://rna.bgsu.edu/rna3dhub/motif/view/IL_51590.1
-1,526,IL_51877.1,http://rna.bgsu.edu/rna3dhub/motif/view/IL_51877.1
-1,527,IL_54670.1,http://rna.bgsu.edu/rna3dhub/motif/view/IL_54670.1
-1,528,IL_55896.1,http://rna.bgsu.edu/rna3dhub/motif/view/IL_55896.1
-1,529,IL_56034.1,http://rna.bgsu.edu/rna3dhub/motif/view/IL_56034.1
-1,530,IL_56105.1,http://rna.bgsu.edu/rna3dhub/motif/view/IL_56105.1
-1,531,IL_57188.1,http://rna.bgsu.edu/rna3dhub/motif/view/IL_57188.1
-1,532,IL_57188.1,http://rna.bgsu.edu/rna3dhub/motif/view/IL_57188.1
-1,533,IL_57249.1,http://rna.bgsu.edu/rna3dhub/motif/view/IL_57249.1
-1,534,IL_58390.1,http://rna.bgsu.edu/rna3dhub/motif/view/IL_58390.1
-1,535,IL_58535.1,http://rna.bgsu.edu/rna3dhub/motif/view/IL_58535.1
-1,536,IL_58535.1,http://rna.bgsu.edu/rna3dhub/motif/view/IL_58535.1
-1,537,IL_58960.1,http://rna.bgsu.edu/rna3dhub/motif/view/IL_58960.1
-1,538,IL_59490.1,http://rna.bgsu.edu/rna3dhub/motif/view/IL_59490.1
-1,539,IL_59645.1,http://rna.bgsu.edu/rna3dhub/motif/view/IL_59645.1
-1,540,IL_59724.1,http://rna.bgsu.edu/rna3dhub/motif/view/IL_59724.1
-1,541,IL_60240.1,http://rna.bgsu.edu/rna3dhub/motif/view/IL_60240.1
-1,542,IL_60247.1,http://rna.bgsu.edu/rna3dhub/motif/view/IL_60247.1
-1,543,IL_60247.1,http://rna.bgsu.edu/rna3dhub/motif/view/IL_60247.1
-1,544,IL_60247.1,http://rna.bgsu.edu/rna3dhub/motif/view/IL_60247.1
-1,545,IL_60247.1,http://rna.bgsu.edu/rna3dhub/motif/view/IL_60247.1
-1,546,IL_60247.1,http://rna.bgsu.edu/rna3dhub/motif/view/IL_60247.1
-1,547,IL_60247.1,http://rna.bgsu.edu/rna3dhub/motif/view/IL_60247.1
-1,548,IL_60695.1,http://rna.bgsu.edu/rna3dhub/motif/view/IL_60695.1
-1,549,IL_60992.1,http://rna.bgsu.edu/rna3dhub/motif/view/IL_60992.1
-1,550,IL_60992.1,http://rna.bgsu.edu/rna3dhub/motif/view/IL_60992.1
-1,551,IL_61275.1,http://rna.bgsu.edu/rna3dhub/motif/view/IL_61275.1
-1,552,IL_61596.1,http://rna.bgsu.edu/rna3dhub/motif/view/IL_61596.1
-1,553,IL_61596.1,http://rna.bgsu.edu/rna3dhub/motif/view/IL_61596.1
-1,554,IL_63059.1,http://rna.bgsu.edu/rna3dhub/motif/view/IL_63059.1
-1,555,IL_64611.1,http://rna.bgsu.edu/rna3dhub/motif/view/IL_64611.1
-1,556,IL_64611.1,http://rna.bgsu.edu/rna3dhub/motif/view/IL_64611.1
-1,557,IL_64944.1,http://rna.bgsu.edu/rna3dhub/motif/view/IL_64944.1
-1,558,IL_65055.1,http://rna.bgsu.edu/rna3dhub/motif/view/IL_65055.1
-1,559,IL_66123.1,http://rna.bgsu.edu/rna3dhub/motif/view/IL_66123.1
-1,560,IL_66414.1,http://rna.bgsu.edu/rna3dhub/motif/view/IL_66414.1
-1,561,IL_66414.1,http://rna.bgsu.edu/rna3dhub/motif/view/IL_66414.1
-1,562,IL_66584.1,http://rna.bgsu.edu/rna3dhub/motif/view/IL_66584.1
-1,563,IL_66584.1,http://rna.bgsu.edu/rna3dhub/motif/view/IL_66584.1
-1,564,IL_67621.1,http://rna.bgsu.edu/rna3dhub/motif/view/IL_67621.1
-1,565,IL_67621.1,http://rna.bgsu.edu/rna3dhub/motif/view/IL_67621.1
-1,566,IL_67621.1,http://rna.bgsu.edu/rna3dhub/motif/view/IL_67621.1
-1,567,IL_67703.1,http://rna.bgsu.edu/rna3dhub/motif/view/IL_67703.1
-1,568,IL_67703.1,http://rna.bgsu.edu/rna3dhub/motif/view/IL_67703.1
-1,569,IL_68506.1,http://rna.bgsu.edu/rna3dhub/motif/view/IL_68506.1
-1,570,IL_68913.1,http://rna.bgsu.edu/rna3dhub/motif/view/IL_68913.1
-1,571,IL_69091.1,http://rna.bgsu.edu/rna3dhub/motif/view/IL_69091.1
-1,572,IL_69457.1,http://rna.bgsu.edu/rna3dhub/motif/view/IL_69457.1
-1,573,IL_70801.1,http://rna.bgsu.edu/rna3dhub/motif/view/IL_70801.1
-1,574,IL_71973.1,http://rna.bgsu.edu/rna3dhub/motif/view/IL_71973.1
-1,575,IL_73523.1,http://rna.bgsu.edu/rna3dhub/motif/view/IL_73523.1
-1,576,IL_74271.1,http://rna.bgsu.edu/rna3dhub/motif/view/IL_74271.1
-1,577,IL_74719.1,http://rna.bgsu.edu/rna3dhub/motif/view/IL_74719.1
-1,578,IL_75283.1,http://rna.bgsu.edu/rna3dhub/motif/view/IL_75283.1
-1,579,IL_75283.1,http://rna.bgsu.edu/rna3dhub/motif/view/IL_75283.1
-1,580,IL_75392.1,http://rna.bgsu.edu/rna3dhub/motif/view/IL_75392.1
-1,581,IL_75840.1,http://rna.bgsu.edu/rna3dhub/motif/view/IL_75840.1
-1,582,IL_75899.1,http://rna.bgsu.edu/rna3dhub/motif/view/IL_75899.1
-1,583,IL_76745.1,http://rna.bgsu.edu/rna3dhub/motif/view/IL_76745.1
-1,584,IL_76745.1,http://rna.bgsu.edu/rna3dhub/motif/view/IL_76745.1
-1,585,IL_76919.1,http://rna.bgsu.edu/rna3dhub/motif/view/IL_76919.1
-1,586,IL_77870.1,http://rna.bgsu.edu/rna3dhub/motif/view/IL_77870.1
-1,587,IL_78399.1,http://rna.bgsu.edu/rna3dhub/motif/view/IL_78399.1
-1,588,IL_78399.1,http://rna.bgsu.edu/rna3dhub/motif/view/IL_78399.1
-1,589,IL_78994.1,http://rna.bgsu.edu/rna3dhub/motif/view/IL_78994.1
-1,590,IL_78994.1,http://rna.bgsu.edu/rna3dhub/motif/view/IL_78994.1
-1,591,IL_79393.1,http://rna.bgsu.edu/rna3dhub/motif/view/IL_79393.1
-1,592,IL_81382.1,http://rna.bgsu.edu/rna3dhub/motif/view/IL_81382.1
-1,593,IL_82194.1,http://rna.bgsu.edu/rna3dhub/motif/view/IL_82194.1
-1,594,IL_82988.1,http://rna.bgsu.edu/rna3dhub/motif/view/IL_82988.1
-1,595,IL_83162.1,http://rna.bgsu.edu/rna3dhub/motif/view/IL_83162.1
-1,596,IL_84409.1,http://rna.bgsu.edu/rna3dhub/motif/view/IL_84409.1
-1,597,IL_85611.1,http://rna.bgsu.edu/rna3dhub/motif/view/IL_85611.1
-1,598,IL_85931.1,http://rna.bgsu.edu/rna3dhub/motif/view/IL_85931.1
-1,599,IL_88579.1,http://rna.bgsu.edu/rna3dhub/motif/view/IL_88579.1
-1,600,IL_89055.1,http://rna.bgsu.edu/rna3dhub/motif/view/IL_89055.1
-1,601,IL_89731.1,http://rna.bgsu.edu/rna3dhub/motif/view/IL_89731.1
-1,602,IL_90157.1,http://rna.bgsu.edu/rna3dhub/motif/view/IL_90157.1
-1,603,IL_90348.1,http://rna.bgsu.edu/rna3dhub/motif/view/IL_90348.1
-1,604,IL_90538.1,http://rna.bgsu.edu/rna3dhub/motif/view/IL_90538.1
-1,605,IL_90922.1,http://rna.bgsu.edu/rna3dhub/motif/view/IL_90922.1
-1,606,IL_92103.1,http://rna.bgsu.edu/rna3dhub/motif/view/IL_92103.1
-1,607,IL_92440.1,http://rna.bgsu.edu/rna3dhub/motif/view/IL_92440.1
-1,608,IL_92889.1,http://rna.bgsu.edu/rna3dhub/motif/view/IL_92889.1
-1,609,IL_93147.1,http://rna.bgsu.edu/rna3dhub/motif/view/IL_93147.1
-1,610,IL_93147.1,http://rna.bgsu.edu/rna3dhub/motif/view/IL_93147.1
-1,611,IL_93147.1,http://rna.bgsu.edu/rna3dhub/motif/view/IL_93147.1
-1,612,IL_93830.1,http://rna.bgsu.edu/rna3dhub/motif/view/IL_93830.1
-1,613,IL_93952.1,http://rna.bgsu.edu/rna3dhub/motif/view/IL_93952.1
-1,614,IL_94351.1,http://rna.bgsu.edu/rna3dhub/motif/view/IL_94351.1
-1,615,IL_94518.1,http://rna.bgsu.edu/rna3dhub/motif/view/IL_94518.1
-1,616,IL_94518.1,http://rna.bgsu.edu/rna3dhub/motif/view/IL_94518.1
-1,617,IL_95421.1,http://rna.bgsu.edu/rna3dhub/motif/view/IL_95421.1
-1,618,IL_95485.1,http://rna.bgsu.edu/rna3dhub/motif/view/IL_95485.1
-1,619,IL_95485.1,http://rna.bgsu.edu/rna3dhub/motif/view/IL_95485.1
-1,620,IL_95485.1,http://rna.bgsu.edu/rna3dhub/motif/view/IL_95485.1
-1,621,IL_95553.1,http://rna.bgsu.edu/rna3dhub/motif/view/IL_95553.1
-1,622,IL_95811.1,http://rna.bgsu.edu/rna3dhub/motif/view/IL_95811.1
-1,623,IL_96335.1,http://rna.bgsu.edu/rna3dhub/motif/view/IL_96335.1
-1,624,IL_96380.1,http://rna.bgsu.edu/rna3dhub/motif/view/IL_96380.1
-1,625,IL_97253.1,http://rna.bgsu.edu/rna3dhub/motif/view/IL_97253.1
-1,626,IL_97256.1,http://rna.bgsu.edu/rna3dhub/motif/view/IL_97256.1
-1,627,IL_97601.1,http://rna.bgsu.edu/rna3dhub/motif/view/IL_97601.1
-1,628,IL_97601.1,http://rna.bgsu.edu/rna3dhub/motif/view/IL_97601.1
-1,629,IL_97697.1,http://rna.bgsu.edu/rna3dhub/motif/view/IL_97697.1
-1,630,IL_98711.1,http://rna.bgsu.edu/rna3dhub/motif/view/IL_98711.1
-1,631,IL_99373.1,http://rna.bgsu.edu/rna3dhub/motif/view/IL_99373.1
-1,632,IL_99902.1,http://rna.bgsu.edu/rna3dhub/motif/view/IL_99902.1
